IDCLIENTE,CORREO
1,ejemplo@gmail.com
2,ejemplo@gmail.com
3,ejemplo@gmail.com
4,ejemplo@gmail.com
5,ejemplo@gmail.com
6,ejemplo@gmail.com
7,ejemplo@gmail.com
8,ejemplo@gmail.com
9,ejemplo@gmail.com
10,ejemplo@gmail.com
11,ejemplo@gmail.com
12,ejemplo@gmail.com
13,ejemplo@gmail.com
14,ejemplo@gmail.com
15,ejemplo@gmail.com
16,ejemplo@gmail.com
17,ejemplo@gmail.com
18,ejemplo@gmail.com
19,ejemplo@gmail.com
20,ejemplo@gmail.com
21,ejemplo@gmail.com
22,ejemplo@gmail.com
23,ejemplo@gmail.com
24,ejemplo@gmail.com
25,ejemplo@gmail.com
26,ejemplo@gmail.com
27,ejemplo@gmail.com
28,ejemplo@gmail.com
29,ejemplo@gmail.com
30,ejemplo@gmail.com
31,ejemplo@gmail.com
32,ejemplo@gmail.com
33,ejemplo@gmail.com
34,ejemplo@gmail.com
35,ejemplo@gmail.com
36,ejemplo@gmail.com
37,ejemplo@gmail.com
38,ejemplo@gmail.com
39,ejemplo@gmail.com
40,ejemplo@gmail.com
41,ejemplo@gmail.com
42,ejemplo@gmail.com
43,ejemplo@gmail.com
44,ejemplo@gmail.com
45,ejemplo@gmail.com
46,ejemplo@gmail.com
47,ejemplo@gmail.com
48,ejemplo@gmail.com
49,ejemplo@gmail.com
50,ejemplo@gmail.com
51,ejemplo@gmail.com
52,ejemplo@gmail.com
53,ejemplo@gmail.com
54,ejemplo@gmail.com
55,ejemplo@gmail.com
56,ejemplo@gmail.com
57,ejemplo@gmail.com
58,ejemplo@gmail.com
59,ejemplo@gmail.com
60,ejemplo@gmail.com
61,ejemplo@gmail.com
62,ejemplo@gmail.com
63,ejemplo@gmail.com
64,ejemplo@gmail.com
65,ejemplo@gmail.com
66,ejemplo@gmail.com
67,ejemplo@gmail.com
68,ejemplo@gmail.com
69,ejemplo@gmail.com
70,ejemplo@gmail.com
71,ejemplo@gmail.com
72,ejemplo@gmail.com
73,ejemplo@gmail.com
74,ejemplo@gmail.com
75,ejemplo@gmail.com
76,ejemplo@gmail.com
77,ejemplo@gmail.com
78,ejemplo@gmail.com
79,ejemplo@gmail.com
80,ejemplo@gmail.com
81,ejemplo@gmail.com
82,ejemplo@gmail.com
83,ejemplo@gmail.com
84,ejemplo@gmail.com
85,ejemplo@gmail.com
86,ejemplo@gmail.com
87,ejemplo@gmail.com
88,ejemplo@gmail.com
89,ejemplo@gmail.com
90,ejemplo@gmail.com
91,ejemplo@gmail.com
92,ejemplo@gmail.com
93,ejemplo@gmail.com
94,ejemplo@gmail.com
95,ejemplo@gmail.com
96,ejemplo@gmail.com
97,ejemplo@gmail.com
98,ejemplo@gmail.com
99,ejemplo@gmail.com
100,ejemplo@gmail.com
101,ejemplo@gmail.com
102,ejemplo@gmail.com
103,ejemplo@gmail.com
104,ejemplo@gmail.com
105,ejemplo@gmail.com
106,ejemplo@gmail.com
107,ejemplo@gmail.com
108,ejemplo@gmail.com
109,ejemplo@gmail.com
110,ejemplo@gmail.com
111,ejemplo@gmail.com
112,ejemplo@gmail.com
113,ejemplo@gmail.com
114,ejemplo@gmail.com
115,ejemplo@gmail.com
116,ejemplo@gmail.com
117,ejemplo@gmail.com
118,ejemplo@gmail.com
119,ejemplo@gmail.com
120,ejemplo@gmail.com
121,ejemplo@gmail.com
122,ejemplo@gmail.com
123,ejemplo@gmail.com
124,ejemplo@gmail.com
125,ejemplo@gmail.com
126,ejemplo@gmail.com
127,ejemplo@gmail.com
128,ejemplo@gmail.com
129,ejemplo@gmail.com
130,ejemplo@gmail.com
131,ejemplo@gmail.com
132,ejemplo@gmail.com
133,ejemplo@gmail.com
134,ejemplo@gmail.com
135,ejemplo@gmail.com
136,ejemplo@gmail.com
137,ejemplo@gmail.com
138,ejemplo@gmail.com
139,ejemplo@gmail.com
140,ejemplo@gmail.com
141,ejemplo@gmail.com
142,ejemplo@gmail.com
143,ejemplo@gmail.com
144,ejemplo@gmail.com
145,ejemplo@gmail.com
146,ejemplo@gmail.com
147,ejemplo@gmail.com
148,ejemplo@gmail.com
149,ejemplo@gmail.com
150,ejemplo@gmail.com
151,ejemplo@gmail.com
152,ejemplo@gmail.com
153,ejemplo@gmail.com
154,ejemplo@gmail.com
155,ejemplo@gmail.com
156,ejemplo@gmail.com
157,ejemplo@gmail.com
158,ejemplo@gmail.com
159,ejemplo@gmail.com
160,ejemplo@gmail.com
161,ejemplo@gmail.com
162,ejemplo@gmail.com
163,ejemplo@gmail.com
164,ejemplo@gmail.com
165,ejemplo@gmail.com
166,ejemplo@gmail.com
167,ejemplo@gmail.com
168,ejemplo@gmail.com
169,ejemplo@gmail.com
170,ejemplo@gmail.com
171,ejemplo@gmail.com
172,ejemplo@gmail.com
173,ejemplo@gmail.com
174,ejemplo@gmail.com
175,ejemplo@gmail.com
176,ejemplo@gmail.com
177,ejemplo@gmail.com
178,ejemplo@gmail.com
179,ejemplo@gmail.com
180,ejemplo@gmail.com
181,ejemplo@gmail.com
182,ejemplo@gmail.com
183,ejemplo@gmail.com
184,ejemplo@gmail.com
185,ejemplo@gmail.com
186,ejemplo@gmail.com
187,ejemplo@gmail.com
188,ejemplo@gmail.com
189,ejemplo@gmail.com
190,ejemplo@gmail.com
191,ejemplo@gmail.com
192,ejemplo@gmail.com
193,ejemplo@gmail.com
194,ejemplo@gmail.com
195,ejemplo@gmail.com
196,ejemplo@gmail.com
197,ejemplo@gmail.com
198,ejemplo@gmail.com
199,ejemplo@gmail.com
200,ejemplo@gmail.com
201,ejemplo@gmail.com
202,ejemplo@gmail.com
203,ejemplo@gmail.com
204,ejemplo@gmail.com
205,ejemplo@gmail.com
206,ejemplo@gmail.com
207,ejemplo@gmail.com
208,ejemplo@gmail.com
209,ejemplo@gmail.com
210,ejemplo@gmail.com
211,ejemplo@gmail.com
212,ejemplo@gmail.com
213,ejemplo@gmail.com
214,ejemplo@gmail.com
215,ejemplo@gmail.com
216,ejemplo@gmail.com
217,ejemplo@gmail.com
218,ejemplo@gmail.com
219,ejemplo@gmail.com
220,ejemplo@gmail.com
221,ejemplo@gmail.com
222,ejemplo@gmail.com
223,ejemplo@gmail.com
224,ejemplo@gmail.com
225,ejemplo@gmail.com
226,ejemplo@gmail.com
227,ejemplo@gmail.com
228,ejemplo@gmail.com
229,ejemplo@gmail.com
230,ejemplo@gmail.com
231,ejemplo@gmail.com
232,ejemplo@gmail.com
233,ejemplo@gmail.com
234,ejemplo@gmail.com
235,ejemplo@gmail.com
236,ejemplo@gmail.com
237,ejemplo@gmail.com
238,ejemplo@gmail.com
239,ejemplo@gmail.com
240,ejemplo@gmail.com
241,ejemplo@gmail.com
242,ejemplo@gmail.com
243,ejemplo@gmail.com
244,ejemplo@gmail.com
245,ejemplo@gmail.com
246,ejemplo@gmail.com
247,ejemplo@gmail.com
248,ejemplo@gmail.com
249,ejemplo@gmail.com
250,ejemplo@gmail.com
251,ejemplo@gmail.com
252,ejemplo@gmail.com
253,ejemplo@gmail.com
254,ejemplo@gmail.com
255,ejemplo@gmail.com
256,ejemplo@gmail.com
257,ejemplo@gmail.com
258,ejemplo@gmail.com
259,ejemplo@gmail.com
260,ejemplo@gmail.com
261,ejemplo@gmail.com
262,ejemplo@gmail.com
263,ejemplo@gmail.com
264,ejemplo@gmail.com
265,ejemplo@gmail.com
266,ejemplo@gmail.com
267,ejemplo@gmail.com
268,ejemplo@gmail.com
269,ejemplo@gmail.com
270,ejemplo@gmail.com
271,ejemplo@gmail.com
272,ejemplo@gmail.com
273,ejemplo@gmail.com
274,ejemplo@gmail.com
275,ejemplo@gmail.com
276,ejemplo@gmail.com
277,ejemplo@gmail.com
278,ejemplo@gmail.com
279,ejemplo@gmail.com
280,ejemplo@gmail.com
281,ejemplo@gmail.com
282,ejemplo@gmail.com
283,ejemplo@gmail.com
284,ejemplo@gmail.com
285,ejemplo@gmail.com
286,ejemplo@gmail.com
287,ejemplo@gmail.com
288,ejemplo@gmail.com
289,ejemplo@gmail.com
290,ejemplo@gmail.com
291,ejemplo@gmail.com
292,ejemplo@gmail.com
293,ejemplo@gmail.com
294,ejemplo@gmail.com
295,ejemplo@gmail.com
296,ejemplo@gmail.com
297,ejemplo@gmail.com
298,ejemplo@gmail.com
299,ejemplo@gmail.com
300,ejemplo@gmail.com
301,ejemplo@gmail.com
302,ejemplo@gmail.com
303,ejemplo@gmail.com
304,ejemplo@gmail.com
305,ejemplo@gmail.com
306,ejemplo@gmail.com
307,ejemplo@gmail.com
308,ejemplo@gmail.com
309,ejemplo@gmail.com
310,ejemplo@gmail.com
311,ejemplo@gmail.com
312,ejemplo@gmail.com
313,ejemplo@gmail.com
314,ejemplo@gmail.com
315,ejemplo@gmail.com
316,ejemplo@gmail.com
317,ejemplo@gmail.com
318,ejemplo@gmail.com
319,ejemplo@gmail.com
320,ejemplo@gmail.com
321,ejemplo@gmail.com
322,ejemplo@gmail.com
323,ejemplo@gmail.com
324,ejemplo@gmail.com
325,ejemplo@gmail.com
326,ejemplo@gmail.com
327,ejemplo@gmail.com
328,ejemplo@gmail.com
329,ejemplo@gmail.com
330,ejemplo@gmail.com
331,ejemplo@gmail.com
332,ejemplo@gmail.com
333,ejemplo@gmail.com
334,ejemplo@gmail.com
335,ejemplo@gmail.com
336,ejemplo@gmail.com
337,ejemplo@gmail.com
338,ejemplo@gmail.com
339,ejemplo@gmail.com
340,ejemplo@gmail.com
341,ejemplo@gmail.com
342,ejemplo@gmail.com
343,ejemplo@gmail.com
344,ejemplo@gmail.com
345,ejemplo@gmail.com
346,ejemplo@gmail.com
347,ejemplo@gmail.com
348,ejemplo@gmail.com
349,ejemplo@gmail.com
350,ejemplo@gmail.com
351,ejemplo@gmail.com
352,ejemplo@gmail.com
353,ejemplo@gmail.com
354,ejemplo@gmail.com
355,ejemplo@gmail.com
356,ejemplo@gmail.com
357,ejemplo@gmail.com
358,ejemplo@gmail.com
359,ejemplo@gmail.com
360,ejemplo@gmail.com
361,ejemplo@gmail.com
362,ejemplo@gmail.com
363,ejemplo@gmail.com
364,ejemplo@gmail.com
365,ejemplo@gmail.com
366,ejemplo@gmail.com
367,ejemplo@gmail.com
368,ejemplo@gmail.com
369,ejemplo@gmail.com
370,ejemplo@gmail.com
371,ejemplo@gmail.com
372,ejemplo@gmail.com
373,ejemplo@gmail.com
374,ejemplo@gmail.com
375,ejemplo@gmail.com
376,ejemplo@gmail.com
377,ejemplo@gmail.com
378,ejemplo@gmail.com
379,ejemplo@gmail.com
380,ejemplo@gmail.com
381,ejemplo@gmail.com
382,ejemplo@gmail.com
383,ejemplo@gmail.com
384,ejemplo@gmail.com
385,ejemplo@gmail.com
386,ejemplo@gmail.com
387,ejemplo@gmail.com
388,ejemplo@gmail.com
389,ejemplo@gmail.com
390,ejemplo@gmail.com
391,ejemplo@gmail.com
392,ejemplo@gmail.com
393,ejemplo@gmail.com
394,ejemplo@gmail.com
395,ejemplo@gmail.com
396,ejemplo@gmail.com
397,ejemplo@gmail.com
398,ejemplo@gmail.com
399,ejemplo@gmail.com
400,ejemplo@gmail.com
401,ejemplo@gmail.com
402,ejemplo@gmail.com
403,ejemplo@gmail.com
404,ejemplo@gmail.com
405,ejemplo@gmail.com
406,ejemplo@gmail.com
407,ejemplo@gmail.com
408,ejemplo@gmail.com
409,ejemplo@gmail.com
410,ejemplo@gmail.com
411,ejemplo@gmail.com
412,ejemplo@gmail.com
413,ejemplo@gmail.com
414,ejemplo@gmail.com
415,ejemplo@gmail.com
416,ejemplo@gmail.com
417,ejemplo@gmail.com
418,ejemplo@gmail.com
419,ejemplo@gmail.com
420,ejemplo@gmail.com
421,ejemplo@gmail.com
422,ejemplo@gmail.com
423,ejemplo@gmail.com
424,ejemplo@gmail.com
425,ejemplo@gmail.com
426,ejemplo@gmail.com
427,ejemplo@gmail.com
428,ejemplo@gmail.com
429,ejemplo@gmail.com
430,ejemplo@gmail.com
431,ejemplo@gmail.com
432,ejemplo@gmail.com
433,ejemplo@gmail.com
434,ejemplo@gmail.com
435,ejemplo@gmail.com
436,ejemplo@gmail.com
437,ejemplo@gmail.com
438,ejemplo@gmail.com
439,ejemplo@gmail.com
440,ejemplo@gmail.com
441,ejemplo@gmail.com
442,ejemplo@gmail.com
443,ejemplo@gmail.com
444,ejemplo@gmail.com
445,ejemplo@gmail.com
446,ejemplo@gmail.com
447,ejemplo@gmail.com
448,ejemplo@gmail.com
449,ejemplo@gmail.com
450,ejemplo@gmail.com
451,ejemplo@gmail.com
452,ejemplo@gmail.com
453,ejemplo@gmail.com
454,ejemplo@gmail.com
455,ejemplo@gmail.com
456,ejemplo@gmail.com
457,ejemplo@gmail.com
458,ejemplo@gmail.com
459,ejemplo@gmail.com
460,ejemplo@gmail.com
461,ejemplo@gmail.com
462,ejemplo@gmail.com
463,ejemplo@gmail.com
464,ejemplo@gmail.com
465,ejemplo@gmail.com
466,ejemplo@gmail.com
467,ejemplo@gmail.com
468,ejemplo@gmail.com
469,ejemplo@gmail.com
470,ejemplo@gmail.com
471,ejemplo@gmail.com
472,ejemplo@gmail.com
473,ejemplo@gmail.com
474,ejemplo@gmail.com
475,ejemplo@gmail.com
476,ejemplo@gmail.com
477,ejemplo@gmail.com
478,ejemplo@gmail.com
479,ejemplo@gmail.com
480,ejemplo@gmail.com
481,ejemplo@gmail.com
482,ejemplo@gmail.com
483,ejemplo@gmail.com
484,ejemplo@gmail.com
485,ejemplo@gmail.com
486,ejemplo@gmail.com
487,ejemplo@gmail.com
488,ejemplo@gmail.com
489,ejemplo@gmail.com
490,ejemplo@gmail.com
491,ejemplo@gmail.com
492,ejemplo@gmail.com
493,ejemplo@gmail.com
494,ejemplo@gmail.com
495,ejemplo@gmail.com
496,ejemplo@gmail.com
497,ejemplo@gmail.com
498,ejemplo@gmail.com
499,ejemplo@gmail.com
500,ejemplo@gmail.com
501,ejemplo@gmail.com
502,ejemplo@gmail.com
503,ejemplo@gmail.com
504,ejemplo@gmail.com
505,ejemplo@gmail.com
506,ejemplo@gmail.com
507,ejemplo@gmail.com
508,ejemplo@gmail.com
509,ejemplo@gmail.com
510,ejemplo@gmail.com
511,ejemplo@gmail.com
512,ejemplo@gmail.com
513,ejemplo@gmail.com
514,ejemplo@gmail.com
515,ejemplo@gmail.com
516,ejemplo@gmail.com
517,ejemplo@gmail.com
518,ejemplo@gmail.com
519,ejemplo@gmail.com
520,ejemplo@gmail.com
521,ejemplo@gmail.com
522,ejemplo@gmail.com
523,ejemplo@gmail.com
524,ejemplo@gmail.com
525,ejemplo@gmail.com
526,ejemplo@gmail.com
527,ejemplo@gmail.com
528,ejemplo@gmail.com
529,ejemplo@gmail.com
530,ejemplo@gmail.com
531,ejemplo@gmail.com
532,ejemplo@gmail.com
533,ejemplo@gmail.com
534,ejemplo@gmail.com
535,ejemplo@gmail.com
536,ejemplo@gmail.com
537,ejemplo@gmail.com
538,ejemplo@gmail.com
539,ejemplo@gmail.com
540,ejemplo@gmail.com
541,ejemplo@gmail.com
542,ejemplo@gmail.com
543,ejemplo@gmail.com
544,ejemplo@gmail.com
545,ejemplo@gmail.com
546,ejemplo@gmail.com
547,ejemplo@gmail.com
548,ejemplo@gmail.com
549,ejemplo@gmail.com
550,ejemplo@gmail.com
551,ejemplo@gmail.com
552,ejemplo@gmail.com
553,ejemplo@gmail.com
554,ejemplo@gmail.com
555,ejemplo@gmail.com
556,ejemplo@gmail.com
557,ejemplo@gmail.com
558,ejemplo@gmail.com
559,ejemplo@gmail.com
560,ejemplo@gmail.com
561,ejemplo@gmail.com
562,ejemplo@gmail.com
563,ejemplo@gmail.com
564,ejemplo@gmail.com
565,ejemplo@gmail.com
566,ejemplo@gmail.com
567,ejemplo@gmail.com
568,ejemplo@gmail.com
569,ejemplo@gmail.com
570,ejemplo@gmail.com
571,ejemplo@gmail.com
572,ejemplo@gmail.com
573,ejemplo@gmail.com
574,ejemplo@gmail.com
575,ejemplo@gmail.com
576,ejemplo@gmail.com
577,ejemplo@gmail.com
578,ejemplo@gmail.com
579,ejemplo@gmail.com
580,ejemplo@gmail.com
581,ejemplo@gmail.com
582,ejemplo@gmail.com
583,ejemplo@gmail.com
584,ejemplo@gmail.com
585,ejemplo@gmail.com
586,ejemplo@gmail.com
587,ejemplo@gmail.com
588,ejemplo@gmail.com
589,ejemplo@gmail.com
590,ejemplo@gmail.com
591,ejemplo@gmail.com
592,ejemplo@gmail.com
593,ejemplo@gmail.com
594,ejemplo@gmail.com
595,ejemplo@gmail.com
596,ejemplo@gmail.com
597,ejemplo@gmail.com
598,ejemplo@gmail.com
599,ejemplo@gmail.com
600,ejemplo@gmail.com
601,ejemplo@gmail.com
602,ejemplo@gmail.com
603,ejemplo@gmail.com
604,ejemplo@gmail.com
605,ejemplo@gmail.com
606,ejemplo@gmail.com
607,ejemplo@gmail.com
608,ejemplo@gmail.com
609,ejemplo@gmail.com
610,ejemplo@gmail.com
611,ejemplo@gmail.com
612,ejemplo@gmail.com
613,ejemplo@gmail.com
614,ejemplo@gmail.com
615,ejemplo@gmail.com
616,ejemplo@gmail.com
617,ejemplo@gmail.com
618,ejemplo@gmail.com
619,ejemplo@gmail.com
620,ejemplo@gmail.com
621,ejemplo@gmail.com
622,ejemplo@gmail.com
623,ejemplo@gmail.com
624,ejemplo@gmail.com
625,ejemplo@gmail.com
626,ejemplo@gmail.com
627,ejemplo@gmail.com
628,ejemplo@gmail.com
629,ejemplo@gmail.com
630,ejemplo@gmail.com
631,ejemplo@gmail.com
632,ejemplo@gmail.com
633,ejemplo@gmail.com
634,ejemplo@gmail.com
635,ejemplo@gmail.com
636,ejemplo@gmail.com
637,ejemplo@gmail.com
638,ejemplo@gmail.com
639,ejemplo@gmail.com
640,ejemplo@gmail.com
641,ejemplo@gmail.com
642,ejemplo@gmail.com
643,ejemplo@gmail.com
644,ejemplo@gmail.com
645,ejemplo@gmail.com
646,ejemplo@gmail.com
647,ejemplo@gmail.com
648,ejemplo@gmail.com
649,ejemplo@gmail.com
650,ejemplo@gmail.com
651,ejemplo@gmail.com
652,ejemplo@gmail.com
653,ejemplo@gmail.com
654,ejemplo@gmail.com
655,ejemplo@gmail.com
656,ejemplo@gmail.com
657,ejemplo@gmail.com
658,ejemplo@gmail.com
659,ejemplo@gmail.com
660,ejemplo@gmail.com
661,ejemplo@gmail.com
662,ejemplo@gmail.com
663,ejemplo@gmail.com
664,ejemplo@gmail.com
665,ejemplo@gmail.com
666,ejemplo@gmail.com
667,ejemplo@gmail.com
668,ejemplo@gmail.com
669,ejemplo@gmail.com
670,ejemplo@gmail.com
671,ejemplo@gmail.com
672,ejemplo@gmail.com
673,ejemplo@gmail.com
674,ejemplo@gmail.com
675,ejemplo@gmail.com
676,ejemplo@gmail.com
677,ejemplo@gmail.com
678,ejemplo@gmail.com
679,ejemplo@gmail.com
680,ejemplo@gmail.com
681,ejemplo@gmail.com
682,ejemplo@gmail.com
683,ejemplo@gmail.com
684,ejemplo@gmail.com
685,ejemplo@gmail.com
686,ejemplo@gmail.com
687,ejemplo@gmail.com
688,ejemplo@gmail.com
689,ejemplo@gmail.com
690,ejemplo@gmail.com
691,ejemplo@gmail.com
692,ejemplo@gmail.com
693,ejemplo@gmail.com
694,ejemplo@gmail.com
695,ejemplo@gmail.com
696,ejemplo@gmail.com
697,ejemplo@gmail.com
698,ejemplo@gmail.com
699,ejemplo@gmail.com
700,ejemplo@gmail.com
701,ejemplo@gmail.com
702,ejemplo@gmail.com
703,ejemplo@gmail.com
704,ejemplo@gmail.com
705,ejemplo@gmail.com
706,ejemplo@gmail.com
707,ejemplo@gmail.com
708,ejemplo@gmail.com
709,ejemplo@gmail.com
710,ejemplo@gmail.com
711,ejemplo@gmail.com
712,ejemplo@gmail.com
713,ejemplo@gmail.com
714,ejemplo@gmail.com
715,ejemplo@gmail.com
716,ejemplo@gmail.com
717,ejemplo@gmail.com
718,ejemplo@gmail.com
719,ejemplo@gmail.com
720,ejemplo@gmail.com
721,ejemplo@gmail.com
722,ejemplo@gmail.com
723,ejemplo@gmail.com
724,ejemplo@gmail.com
725,ejemplo@gmail.com
726,ejemplo@gmail.com
727,ejemplo@gmail.com
728,ejemplo@gmail.com
729,ejemplo@gmail.com
730,ejemplo@gmail.com
731,ejemplo@gmail.com
732,ejemplo@gmail.com
733,ejemplo@gmail.com
734,ejemplo@gmail.com
735,ejemplo@gmail.com
736,ejemplo@gmail.com
737,ejemplo@gmail.com
738,ejemplo@gmail.com
739,ejemplo@gmail.com
740,ejemplo@gmail.com
741,ejemplo@gmail.com
742,ejemplo@gmail.com
743,ejemplo@gmail.com
744,ejemplo@gmail.com
745,ejemplo@gmail.com
746,ejemplo@gmail.com
747,ejemplo@gmail.com
748,ejemplo@gmail.com
749,ejemplo@gmail.com
750,ejemplo@gmail.com
751,ejemplo@gmail.com
752,ejemplo@gmail.com
753,ejemplo@gmail.com
754,ejemplo@gmail.com
755,ejemplo@gmail.com
756,ejemplo@gmail.com
757,ejemplo@gmail.com
758,ejemplo@gmail.com
759,ejemplo@gmail.com
760,ejemplo@gmail.com
761,ejemplo@gmail.com
762,ejemplo@gmail.com
763,ejemplo@gmail.com
764,ejemplo@gmail.com
765,ejemplo@gmail.com
766,ejemplo@gmail.com
767,ejemplo@gmail.com
768,ejemplo@gmail.com
769,ejemplo@gmail.com
770,ejemplo@gmail.com
771,ejemplo@gmail.com
772,ejemplo@gmail.com
773,ejemplo@gmail.com
774,ejemplo@gmail.com
775,ejemplo@gmail.com
776,ejemplo@gmail.com
777,ejemplo@gmail.com
778,ejemplo@gmail.com
779,ejemplo@gmail.com
780,ejemplo@gmail.com
781,ejemplo@gmail.com
782,ejemplo@gmail.com
783,ejemplo@gmail.com
784,ejemplo@gmail.com
785,ejemplo@gmail.com
786,ejemplo@gmail.com
787,ejemplo@gmail.com
788,ejemplo@gmail.com
789,ejemplo@gmail.com
790,ejemplo@gmail.com
791,ejemplo@gmail.com
792,ejemplo@gmail.com
793,ejemplo@gmail.com
794,ejemplo@gmail.com
795,ejemplo@gmail.com
796,ejemplo@gmail.com
797,ejemplo@gmail.com
798,ejemplo@gmail.com
799,ejemplo@gmail.com
800,ejemplo@gmail.com
801,ejemplo@gmail.com
802,ejemplo@gmail.com
803,ejemplo@gmail.com
804,ejemplo@gmail.com
805,ejemplo@gmail.com
806,ejemplo@gmail.com
807,ejemplo@gmail.com
808,ejemplo@gmail.com
809,ejemplo@gmail.com
810,ejemplo@gmail.com
811,ejemplo@gmail.com
812,ejemplo@gmail.com
813,ejemplo@gmail.com
814,ejemplo@gmail.com
815,ejemplo@gmail.com
816,ejemplo@gmail.com
817,ejemplo@gmail.com
818,ejemplo@gmail.com
819,ejemplo@gmail.com
820,ejemplo@gmail.com
821,ejemplo@gmail.com
822,ejemplo@gmail.com
823,ejemplo@gmail.com
824,ejemplo@gmail.com
825,ejemplo@gmail.com
826,ejemplo@gmail.com
827,ejemplo@gmail.com
828,ejemplo@gmail.com
829,ejemplo@gmail.com
830,ejemplo@gmail.com
831,ejemplo@gmail.com
832,ejemplo@gmail.com
833,ejemplo@gmail.com
834,ejemplo@gmail.com
835,ejemplo@gmail.com
836,ejemplo@gmail.com
837,ejemplo@gmail.com
838,ejemplo@gmail.com
839,ejemplo@gmail.com
840,ejemplo@gmail.com
841,ejemplo@gmail.com
842,ejemplo@gmail.com
843,ejemplo@gmail.com
844,ejemplo@gmail.com
845,ejemplo@gmail.com
846,ejemplo@gmail.com
847,ejemplo@gmail.com
848,ejemplo@gmail.com
849,ejemplo@gmail.com
850,ejemplo@gmail.com
851,ejemplo@gmail.com
852,ejemplo@gmail.com
853,ejemplo@gmail.com
854,ejemplo@gmail.com
855,ejemplo@gmail.com
856,ejemplo@gmail.com
857,ejemplo@gmail.com
858,ejemplo@gmail.com
859,ejemplo@gmail.com
860,ejemplo@gmail.com
861,ejemplo@gmail.com
862,ejemplo@gmail.com
863,ejemplo@gmail.com
864,ejemplo@gmail.com
865,ejemplo@gmail.com
866,ejemplo@gmail.com
867,ejemplo@gmail.com
868,ejemplo@gmail.com
869,ejemplo@gmail.com
870,ejemplo@gmail.com
871,ejemplo@gmail.com
872,ejemplo@gmail.com
873,ejemplo@gmail.com
874,ejemplo@gmail.com
875,ejemplo@gmail.com
876,ejemplo@gmail.com
877,ejemplo@gmail.com
878,ejemplo@gmail.com
879,ejemplo@gmail.com
880,ejemplo@gmail.com
881,ejemplo@gmail.com
882,ejemplo@gmail.com
883,ejemplo@gmail.com
884,ejemplo@gmail.com
885,ejemplo@gmail.com
886,ejemplo@gmail.com
887,ejemplo@gmail.com
888,ejemplo@gmail.com
889,ejemplo@gmail.com
890,ejemplo@gmail.com
891,ejemplo@gmail.com
892,ejemplo@gmail.com
893,ejemplo@gmail.com
894,ejemplo@gmail.com
895,ejemplo@gmail.com
896,ejemplo@gmail.com
897,ejemplo@gmail.com
898,ejemplo@gmail.com
899,ejemplo@gmail.com
900,ejemplo@gmail.com
901,ejemplo@gmail.com
902,ejemplo@gmail.com
903,ejemplo@gmail.com
904,ejemplo@gmail.com
905,ejemplo@gmail.com
906,ejemplo@gmail.com
907,ejemplo@gmail.com
908,ejemplo@gmail.com
909,ejemplo@gmail.com
910,ejemplo@gmail.com
911,ejemplo@gmail.com
912,ejemplo@gmail.com
913,ejemplo@gmail.com
914,ejemplo@gmail.com
915,ejemplo@gmail.com
916,ejemplo@gmail.com
917,ejemplo@gmail.com
918,ejemplo@gmail.com
919,ejemplo@gmail.com
920,ejemplo@gmail.com
921,ejemplo@gmail.com
922,ejemplo@gmail.com
923,ejemplo@gmail.com
924,ejemplo@gmail.com
925,ejemplo@gmail.com
926,ejemplo@gmail.com
927,ejemplo@gmail.com
928,ejemplo@gmail.com
929,ejemplo@gmail.com
930,ejemplo@gmail.com
931,ejemplo@gmail.com
932,ejemplo@gmail.com
933,ejemplo@gmail.com
934,ejemplo@gmail.com
935,ejemplo@gmail.com
936,ejemplo@gmail.com
937,ejemplo@gmail.com
938,ejemplo@gmail.com
939,ejemplo@gmail.com
940,ejemplo@gmail.com
941,ejemplo@gmail.com
942,ejemplo@gmail.com
943,ejemplo@gmail.com
944,ejemplo@gmail.com
945,ejemplo@gmail.com
946,ejemplo@gmail.com
947,ejemplo@gmail.com
948,ejemplo@gmail.com
949,ejemplo@gmail.com
950,ejemplo@gmail.com
951,ejemplo@gmail.com
952,ejemplo@gmail.com
953,ejemplo@gmail.com
954,ejemplo@gmail.com
955,ejemplo@gmail.com
956,ejemplo@gmail.com
957,ejemplo@gmail.com
958,ejemplo@gmail.com
959,ejemplo@gmail.com
960,ejemplo@gmail.com
961,ejemplo@gmail.com
962,ejemplo@gmail.com
963,ejemplo@gmail.com
964,ejemplo@gmail.com
965,ejemplo@gmail.com
966,ejemplo@gmail.com
967,ejemplo@gmail.com
968,ejemplo@gmail.com
969,ejemplo@gmail.com
970,ejemplo@gmail.com
971,ejemplo@gmail.com
972,ejemplo@gmail.com
973,ejemplo@gmail.com
974,ejemplo@gmail.com
975,ejemplo@gmail.com
976,ejemplo@gmail.com
977,ejemplo@gmail.com
978,ejemplo@gmail.com
979,ejemplo@gmail.com
980,ejemplo@gmail.com
981,ejemplo@gmail.com
982,ejemplo@gmail.com
983,ejemplo@gmail.com
984,ejemplo@gmail.com
985,ejemplo@gmail.com
986,ejemplo@gmail.com
987,ejemplo@gmail.com
988,ejemplo@gmail.com
989,ejemplo@gmail.com
990,ejemplo@gmail.com
991,ejemplo@gmail.com
992,ejemplo@gmail.com
993,ejemplo@gmail.com
994,ejemplo@gmail.com
995,ejemplo@gmail.com
996,ejemplo@gmail.com
997,ejemplo@gmail.com
998,ejemplo@gmail.com
999,ejemplo@gmail.com
1000,ejemplo@gmail.com
